{
  "report": {
    "Benign": {
      "precision": 0.9811685176243361,
      "recall": 0.9912195121951219,
      "f1-score": 0.9861684057267653,
      "support": 2050.0
    },
    "fake_av": {
      "precision": 0.9575033200531209,
      "recall": 0.9664879356568364,
      "f1-score": 0.961974649766511,
      "support": 746.0
    },
    "financial_scam": {
      "precision": 0.9372071227741331,
      "recall": 0.9074410163339383,
      "f1-score": 0.9220839096357769,
      "support": 1102.0
    },
    "misleading_offers": {
      "precision": 0.9349173553719008,
      "recall": 0.969989281886388,
      "f1-score": 0.9521304576538664,
      "support": 933.0
    },
    "fake_appstore": {
      "precision": 0.9953051643192489,
      "recall": 0.9953051643192489,
      "f1-score": 0.9953051643192489,
      "support": 852.0
    },
    "tech_support_scam": {
      "precision": 0.9769335142469471,
      "recall": 0.9863013698630136,
      "f1-score": 0.9815950920245399,
      "support": 730.0
    },
    "gift_card_scan": {
      "precision": 0.9858557284299858,
      "recall": 0.9600550964187328,
      "f1-score": 0.9727843684577809,
      "support": 726.0
    },
    "forced_notification": {
      "precision": 0.9722222222222222,
      "recall": 0.953307392996109,
      "f1-score": 0.962671905697446,
      "support": 257.0
    },
    "suspicious_vpn": {
      "precision": 0.9285714285714286,
      "recall": 0.9578947368421052,
      "f1-score": 0.9430051813471503,
      "support": 190.0
    },
    "malicious_extension": {
      "precision": 0.8433734939759037,
      "recall": 0.6481481481481481,
      "f1-score": 0.7329842931937173,
      "support": 108.0
    },
    "fake_updates": {
      "precision": 0.6265060240963856,
      "recall": 0.6419753086419753,
      "f1-score": 0.6341463414634146,
      "support": 81.0
    },
    "blank_LP": {
      "precision": 1.0,
      "recall": 0.9032258064516129,
      "f1-score": 0.9491525423728814,
      "support": 31.0
    },
    "fake_downloader": {
      "precision": 0.7755102040816326,
      "recall": 0.95,
      "f1-score": 0.8539325842696629,
      "support": 40.0
    },
    "accuracy": 0.9607443283201631,
    "macro avg": {
      "precision": 0.9165441612128651,
      "recall": 0.910103905365633,
      "f1-score": 0.9113796073791355,
      "support": 7846.0
    },
    "weighted avg": {
      "precision": 0.9607197578375211,
      "recall": 0.9607443283201631,
      "f1-score": 0.9603932230794849,
      "support": 7846.0
    }
  },
  "confusion_matrix": [
    [
      2032,
      0,
      11,
      2,
      2,
      0,
      1,
      0,
      0,
      1,
      0,
      0,
      1
    ],
    [
      1,
      721,
      6,
      0,
      0,
      0,
      0,
      1,
      5,
      3,
      9,
      0,
      0
    ],
    [
      18,
      2,
      1000,
      59,
      0,
      1,
      7,
      0,
      1,
      2,
      11,
      0,
      1
    ],
    [
      3,
      0,
      25,
      905,
      0,
      0,
      0,
      0,
      0,
      0,
      0,
      0,
      0
    ],
    [
      4,
      0,
      0,
      0,
      848,
      0,
      0,
      0,
      0,
      0,
      0,
      0,
      0
    ],
    [
      0,
      5,
      0,
      0,
      0,
      720,
      0,
      0,
      4,
      0,
      1,
      0,
      0
    ],
    [
      5,
      5,
      19,
      0,
      0,
      0,
      697,
      0,
      0,
      0,
      0,
      0,
      0
    ],
    [
      3,
      0,
      0,
      0,
      0,
      5,
      0,
      245,
      0,
      3,
      0,
      0,
      1
    ],
    [
      1,
      3,
      0,
      0,
      0,
      0,
      1,
      0,
      182,
      1,
      2,
      0,
      0
    ],
    [
      0,
      8,
      1,
      2,
      1,
      0,
      1,
      5,
      4,
      70,
      8,
      0,
      8
    ],
    [
      1,
      9,
      5,
      0,
      1,
      11,
      0,
      0,
      0,
      2,
      52,
      0,
      0
    ],
    [
      3,
      0,
      0,
      0,
      0,
      0,
      0,
      0,
      0,
      0,
      0,
      28,
      0
    ],
    [
      0,
      0,
      0,
      0,
      0,
      0,
      0,
      1,
      0,
      1,
      0,
      0,
      38
    ]
  ],
  "classes": [
    "Benign",
    "fake_av",
    "financial_scam",
    "misleading_offers",
    "fake_appstore",
    "tech_support_scam",
    "gift_card_scan",
    "forced_notification",
    "suspicious_vpn",
    "malicious_extension",
    "fake_updates",
    "blank_LP",
    "fake_downloader"
  ]
}